task,step,progress,filename,source_path,dest_path
acrobot-swingup,5000000,100.0,acrobot-swingup_5000000.mp4,/home/projects/dharel/nadavt/repos/newt/tdmpc2/logs/acrobot-swingup/20251217_174724_expert_acrobot-swingup/wandb/run-20251217_174812-9bd4c6i3/files/media/videos/videos/eval_video_5000000_da243a6168483d37fbf2.mp4,/home/projects/dharel/nadavt/repos/newt/tdmpc2/discover/videos_for_presentation/acrobot-swingup_5000000.mp4
atari-alien,4900000,98.0,atari-alien_4900000.mp4,/home/projects/dharel/nadavt/repos/newt/tdmpc2/logs/atari-alien/20251225_180018_expert_atari-alien/wandb/run-20251225_180020-fqcn9kaz/files/media/videos/videos/eval_video_980000_04433a3b66af95e36170.mp4,/home/projects/dharel/nadavt/repos/newt/tdmpc2/discover/videos_for_presentation/atari-alien_4900000.mp4
atari-assault,4800000,96.0,atari-assault_4800000.mp4,/home/projects/dharel/nadavt/repos/newt/tdmpc2/logs/atari-assault/20251225_180017_expert_atari-assault/wandb/run-20251225_180020-6m9ie2ss/files/media/videos/videos/eval_video_980000_c3078c9320120e736eac.mp4,/home/projects/dharel/nadavt/repos/newt/tdmpc2/discover/videos_for_presentation/atari-assault_4800000.mp4
atari-asterix,4800000,96.0,atari-asterix_4800000.mp4,/home/projects/dharel/nadavt/repos/newt/tdmpc2/logs/atari-asterix/20251225_180017_expert_atari-asterix/wandb/run-20251225_180019-8wymwacz/files/media/videos/videos/eval_video_980000_2e6fa755bfb4298b643a.mp4,/home/projects/dharel/nadavt/repos/newt/tdmpc2/discover/videos_for_presentation/atari-asterix_4800000.mp4
atari-atlantis,4900000,98.0,atari-atlantis_4900000.mp4,/home/projects/dharel/nadavt/repos/newt/tdmpc2/logs/atari-atlantis/20251225_180018_expert_atari-atlantis/wandb/run-20251225_180020-fatk2klp/files/media/videos/videos/eval_video_980000_bf9dfa8749521733d2aa.mp4,/home/projects/dharel/nadavt/repos/newt/tdmpc2/discover/videos_for_presentation/atari-atlantis_4900000.mp4
atari-bank-heist,2800000,56.0,atari-bank-heist_2800000.mp4,/home/projects/dharel/nadavt/repos/newt/tdmpc2/logs/atari-bank-heist/20251225_180018_expert_atari-bank-heist/wandb/run-20251225_180020-9cbolppr/files/media/videos/videos/eval_video_980000_82844cc192d99164a761.mp4,/home/projects/dharel/nadavt/repos/newt/tdmpc2/discover/videos_for_presentation/atari-bank-heist_2800000.mp4
atari-gopher,4200000,84.0,atari-gopher_4200000.mp4,/home/projects/dharel/nadavt/repos/newt/tdmpc2/logs/atari-gopher/20251225_175802_expert_atari-gopher/wandb/run-20251225_175804-wru8s389/files/media/videos/videos/eval_video_1580000_92f2635fafad2a1f5fc3.mp4,/home/projects/dharel/nadavt/repos/newt/tdmpc2/discover/videos_for_presentation/atari-gopher_4200000.mp4
atari-ice-hockey,5000000,100.0,atari-ice-hockey_5000000.mp4,/home/projects/dharel/nadavt/repos/newt/tdmpc2/logs/atari-ice-hockey/20251225_175801_expert_atari-ice-hockey/wandb/run-20251225_175804-fsdyb1nm/files/media/videos/videos/eval_video_1600000_8a0ed483637ab96cc7c6.mp4,/home/projects/dharel/nadavt/repos/newt/tdmpc2/discover/videos_for_presentation/atari-ice-hockey_5000000.mp4
atari-jamesbond,5000000,100.0,atari-jamesbond_5000000.mp4,/home/projects/dharel/nadavt/repos/newt/tdmpc2/logs/atari-jamesbond/20251225_175801_expert_atari-jamesbond/wandb/run-20251225_175804-wa3cqvge/files/media/videos/videos/eval_video_1680000_0450ff40544831f670dc.mp4,/home/projects/dharel/nadavt/repos/newt/tdmpc2/discover/videos_for_presentation/atari-jamesbond_5000000.mp4
atari-kangaroo,4200000,84.0,atari-kangaroo_4200000.mp4,/home/projects/dharel/nadavt/repos/newt/tdmpc2/logs/atari-kangaroo/20251225_175802_expert_atari-kangaroo/wandb/run-20251225_175804-f1o5f7in/files/media/videos/videos/eval_video_1580000_de3deb197b468532f3f1.mp4,/home/projects/dharel/nadavt/repos/newt/tdmpc2/discover/videos_for_presentation/atari-kangaroo_4200000.mp4
atari-krull,5000000,100.0,atari-krull_5000000.mp4,/home/projects/dharel/nadavt/repos/newt/tdmpc2/logs/atari-krull/20251225_175803_expert_atari-krull/wandb/run-20251225_175805-hz0uto7g/files/media/videos/videos/eval_video_2900000_dd230c1ca4e1490c1e4f.mp4,/home/projects/dharel/nadavt/repos/newt/tdmpc2/discover/videos_for_presentation/atari-krull_5000000.mp4
atari-ms-pacman,5000000,100.0,atari-ms-pacman_5000000.mp4,/home/projects/dharel/nadavt/repos/newt/tdmpc2/logs/atari-ms-pacman/20251225_175802_expert_atari-ms-pacman/wandb/run-20251225_175804-wfvywucz/files/media/videos/videos/eval_video_3060000_134fd2d390d45fd8ce29.mp4,/home/projects/dharel/nadavt/repos/newt/tdmpc2/discover/videos_for_presentation/atari-ms-pacman_5000000.mp4
atari-name-this-game,5000000,100.0,atari-name-this-game_5000000.mp4,/home/projects/dharel/nadavt/repos/newt/tdmpc2/logs/atari-name-this-game/20251225_175802_expert_atari-name-this-game/wandb/run-20251225_175805-dp72sqyf/files/media/videos/videos/eval_video_3020000_5448c5e293faca91d968.mp4,/home/projects/dharel/nadavt/repos/newt/tdmpc2/discover/videos_for_presentation/atari-name-this-game_5000000.mp4
atari-phoenix,5000000,100.0,atari-phoenix_5000000.mp4,/home/projects/dharel/nadavt/repos/newt/tdmpc2/logs/atari-phoenix/20251225_175802_expert_atari-phoenix/wandb/run-20251225_175805-qjyn4nq9/files/media/videos/videos/eval_video_2800000_9bd6a5ff2f0b6968f265.mp4,/home/projects/dharel/nadavt/repos/newt/tdmpc2/discover/videos_for_presentation/atari-phoenix_5000000.mp4
atari-pong,5000000,100.0,atari-pong_5000000.mp4,/home/projects/dharel/nadavt/repos/newt/tdmpc2/logs/atari-pong/20251225_175838_expert_atari-pong/wandb/run-20251225_175840-8crid83t/files/media/videos/videos/eval_video_2560000_e6ddedf3a0689e17b1a4.mp4,/home/projects/dharel/nadavt/repos/newt/tdmpc2/discover/videos_for_presentation/atari-pong_5000000.mp4
atari-road-runner,5000000,100.0,atari-road-runner_5000000.mp4,/home/projects/dharel/nadavt/repos/newt/tdmpc2/logs/atari-road-runner/20251225_175836_expert_atari-road-runner/wandb/run-20251225_175839-odx90ika/files/media/videos/videos/eval_video_2460000_c8aec094f25f3079e14f.mp4,/home/projects/dharel/nadavt/repos/newt/tdmpc2/discover/videos_for_presentation/atari-road-runner_5000000.mp4
atari-robotank,5000000,100.0,atari-robotank_5000000.mp4,/home/projects/dharel/nadavt/repos/newt/tdmpc2/logs/atari-robotank/20251225_175837_expert_atari-robotank/wandb/run-20251225_175839-23d4h86q/files/media/videos/videos/eval_video_2440000_3d57ab427db779bf3d84.mp4,/home/projects/dharel/nadavt/repos/newt/tdmpc2/discover/videos_for_presentation/atari-robotank_5000000.mp4
atari-seaquest,5000000,100.0,atari-seaquest_5000000.mp4,/home/projects/dharel/nadavt/repos/newt/tdmpc2/logs/atari-seaquest/20251225_175835_expert_atari-seaquest/wandb/run-20251225_175838-w7o5q20t/files/media/videos/videos/eval_video_2540000_cf8bc620f590b8eb8079.mp4,/home/projects/dharel/nadavt/repos/newt/tdmpc2/discover/videos_for_presentation/atari-seaquest_5000000.mp4
atari-space-invaders,5000000,100.0,atari-space-invaders_5000000.mp4,/home/projects/dharel/nadavt/repos/newt/tdmpc2/logs/atari-space-invaders/20251225_175835_expert_atari-space-invaders/wandb/run-20251225_175838-wcab330p/files/media/videos/videos/eval_video_2360000_4197fb9021a7c0bd3ec5.mp4,/home/projects/dharel/nadavt/repos/newt/tdmpc2/discover/videos_for_presentation/atari-space-invaders_5000000.mp4
atari-tutankham,5000000,100.0,atari-tutankham_5000000.mp4,/home/projects/dharel/nadavt/repos/newt/tdmpc2/logs/atari-tutankham/20251225_175834_expert_atari-tutankham/wandb/run-20251225_175837-oanez5wf/files/media/videos/videos/eval_video_2340000_e989d4004be6990e8968.mp4,/home/projects/dharel/nadavt/repos/newt/tdmpc2/discover/videos_for_presentation/atari-tutankham_5000000.mp4
atari-upndown,5000000,100.0,atari-upndown_5000000.mp4,/home/projects/dharel/nadavt/repos/newt/tdmpc2/logs/atari-upndown/20251225_175836_expert_atari-upndown/wandb/run-20251225_175839-wpp7h4iy/files/media/videos/videos/eval_video_5000000_9a85517ee41817c59ec5.mp4,/home/projects/dharel/nadavt/repos/newt/tdmpc2/discover/videos_for_presentation/atari-upndown_5000000.mp4
cartpole-balance,5000000,100.0,cartpole-balance_5000000.mp4,/home/projects/dharel/nadavt/repos/newt/tdmpc2/logs/cartpole-balance/20251217_111116_expert_cartpole-balance/wandb/run-20251217_111205-7wlco6nc/files/media/videos/videos/eval_video_5000000_42ce74d2e39e1b8ad40b.mp4,/home/projects/dharel/nadavt/repos/newt/tdmpc2/discover/videos_for_presentation/cartpole-balance_5000000.mp4
cartpole-balance-sparse,5000000,100.0,cartpole-balance-sparse_5000000.mp4,/home/projects/dharel/nadavt/repos/newt/tdmpc2/logs/cartpole-balance-sparse/20251216_011349_expert_cartpole-balance-sparse/wandb/run-20251216_011459-jef33vib/files/media/videos/videos/eval_video_5000000_dc2352dfcd44c38e2df2.mp4,/home/projects/dharel/nadavt/repos/newt/tdmpc2/discover/videos_for_presentation/cartpole-balance-sparse_5000000.mp4
cartpole-swingup,5000000,100.0,cartpole-swingup_5000000.mp4,/home/projects/dharel/nadavt/repos/newt/tdmpc2/logs/cartpole-swingup/20251216_011350_expert_cartpole-swingup/wandb/run-20251216_011459-0s8voniu/files/media/videos/videos/eval_video_5000000_6fbf705dd35643b2bdf5.mp4,/home/projects/dharel/nadavt/repos/newt/tdmpc2/discover/videos_for_presentation/cartpole-swingup_5000000.mp4
cartpole-swingup-sparse,5000000,100.0,cartpole-swingup-sparse_5000000.mp4,/home/projects/dharel/nadavt/repos/newt/tdmpc2/logs/cartpole-swingup-sparse/20251216_011351_expert_cartpole-swingup-sparse/wandb/run-20251216_011459-2l3vnc9h/files/media/videos/videos/eval_video_5000000_3d7701c2ac22f7c48e01.mp4,/home/projects/dharel/nadavt/repos/newt/tdmpc2/discover/videos_for_presentation/cartpole-swingup-sparse_5000000.mp4
cheetah-jump,5000000,100.0,cheetah-jump_5000000.mp4,/home/projects/dharel/nadavt/repos/newt/tdmpc2/logs/cheetah-jump/20251216_011338_expert_cheetah-jump/wandb/run-20251216_011436-8keyl5p7/files/media/videos/videos/eval_video_5000000_982391bd48acbad19128.mp4,/home/projects/dharel/nadavt/repos/newt/tdmpc2/discover/videos_for_presentation/cheetah-jump_5000000.mp4
cheetah-run,5000000,100.0,cheetah-run_5000000.mp4,/home/projects/dharel/nadavt/repos/newt/tdmpc2/logs/cheetah-run/20251216_011346_expert_cheetah-run/wandb/run-20251216_011450-kce1z111/files/media/videos/videos/eval_video_5000000_5296616c257e44a7384e.mp4,/home/projects/dharel/nadavt/repos/newt/tdmpc2/discover/videos_for_presentation/cheetah-run_5000000.mp4
cheetah-run-back,5000000,100.0,cheetah-run-back_5000000.mp4,/home/projects/dharel/nadavt/repos/newt/tdmpc2/logs/cheetah-run-back/20251216_134041_expert_cheetah-run-back/wandb/run-20251216_134129-hobwwlmk/files/media/videos/videos/eval_video_5000000_ce5e64f6c6d38cc9cf96.mp4,/home/projects/dharel/nadavt/repos/newt/tdmpc2/discover/videos_for_presentation/cheetah-run-back_5000000.mp4
cheetah-run-backward,5000000,100.0,cheetah-run-backward_5000000.mp4,/home/projects/dharel/nadavt/repos/newt/tdmpc2/logs/cheetah-run-backward/20251217_100645_expert_cheetah-run-backward/wandb/run-20251217_100748-sqnz9w13/files/media/videos/videos/eval_video_5000000_527a3771a7e68470299d.mp4,/home/projects/dharel/nadavt/repos/newt/tdmpc2/discover/videos_for_presentation/cheetah-run-backward_5000000.mp4
cheetah-run-front,5000000,100.0,cheetah-run-front_5000000.mp4,/home/projects/dharel/nadavt/repos/newt/tdmpc2/logs/cheetah-run-front/20251216_011340_expert_cheetah-run-front/wandb/run-20251216_011440-lxw6iv6x/files/media/videos/videos/eval_video_5000000_8e902294d20303fefdf8.mp4,/home/projects/dharel/nadavt/repos/newt/tdmpc2/discover/videos_for_presentation/cheetah-run-front_5000000.mp4
cup-catch,5000000,100.0,cup-catch_5000000.mp4,/home/projects/dharel/nadavt/repos/newt/tdmpc2/logs/cup-catch/20251218_092422_expert_cup-catch/wandb/run-20251218_092523-2nyk17wr/files/media/videos/videos/eval_video_5000000_a04474f59dac82962237.mp4,/home/projects/dharel/nadavt/repos/newt/tdmpc2/discover/videos_for_presentation/cup-catch_5000000.mp4
cup-spin,5000000,100.0,cup-spin_5000000.mp4,/home/projects/dharel/nadavt/repos/newt/tdmpc2/logs/cup-spin/20251216_011341_expert_cup-spin/wandb/run-20251216_011442-zdymzid4/files/media/videos/videos/eval_video_5000000_a680db19ab0b0386526d.mp4,/home/projects/dharel/nadavt/repos/newt/tdmpc2/discover/videos_for_presentation/cup-spin_5000000.mp4
finger-spin,5000000,100.0,finger-spin_5000000.mp4,/home/projects/dharel/nadavt/repos/newt/tdmpc2/logs/finger-spin/20251216_011351_expert_finger-spin/wandb/run-20251216_011459-u80ayx8d/files/media/videos/videos/eval_video_5000000_b3e6bc2b612993518476.mp4,/home/projects/dharel/nadavt/repos/newt/tdmpc2/discover/videos_for_presentation/finger-spin_5000000.mp4
finger-turn-easy,5000000,100.0,finger-turn-easy_5000000.mp4,/home/projects/dharel/nadavt/repos/newt/tdmpc2/logs/finger-turn-easy/20251216_011351_expert_finger-turn-easy/wandb/run-20251216_011459-38cx8vht/files/media/videos/videos/eval_video_5000000_b23563eaffbcf61a9f52.mp4,/home/projects/dharel/nadavt/repos/newt/tdmpc2/discover/videos_for_presentation/finger-turn-easy_5000000.mp4
finger-turn-hard,5000000,100.0,finger-turn-hard_5000000.mp4,/home/projects/dharel/nadavt/repos/newt/tdmpc2/logs/finger-turn-hard/20251216_011333_expert_finger-turn-hard/wandb/run-20251216_011427-dq4rtz1w/files/media/videos/videos/eval_video_5000000_af6fa81e56ca1814dd93.mp4,/home/projects/dharel/nadavt/repos/newt/tdmpc2/discover/videos_for_presentation/finger-turn-hard_5000000.mp4
fish-swim,5000000,100.0,fish-swim_5000000.mp4,/home/projects/dharel/nadavt/repos/newt/tdmpc2/logs/fish-swim/20251217_083733_expert_fish-swim/wandb/run-20251217_083827-bfftow3z/files/media/videos/videos/eval_video_5000000_faffea4c3a2a54ddb10a.mp4,/home/projects/dharel/nadavt/repos/newt/tdmpc2/discover/videos_for_presentation/fish-swim_5000000.mp4
giraffe-run,5000000,100.0,giraffe-run_5000000.mp4,/home/projects/dharel/nadavt/repos/newt/tdmpc2/logs/giraffe-run/20251216_011341_expert_giraffe-run/wandb/run-20251216_011443-0tyo7fvl/files/media/videos/videos/eval_video_5000000_5a4a46a98d36bc67bdc7.mp4,/home/projects/dharel/nadavt/repos/newt/tdmpc2/discover/videos_for_presentation/giraffe-run_5000000.mp4
hopper-hop,5000000,100.0,hopper-hop_5000000.mp4,/home/projects/dharel/nadavt/repos/newt/tdmpc2/logs/hopper-hop/20251217_100711_expert_hopper-hop/wandb/run-20251217_100800-v5hcr3xh/files/media/videos/videos/eval_video_5000000_6b082056a56f72b5ed15.mp4,/home/projects/dharel/nadavt/repos/newt/tdmpc2/discover/videos_for_presentation/hopper-hop_5000000.mp4
hopper-hop-backward,5000000,100.0,hopper-hop-backward_5000000.mp4,/home/projects/dharel/nadavt/repos/newt/tdmpc2/logs/hopper-hop-backward/20251217_094830_expert_hopper-hop-backward/wandb/run-20251217_094924-qeze0b08/files/media/videos/videos/eval_video_5000000_74a7675631829ee60ec0.mp4,/home/projects/dharel/nadavt/repos/newt/tdmpc2/discover/videos_for_presentation/hopper-hop-backward_5000000.mp4
hopper-stand,5000000,100.0,hopper-stand_5000000.mp4,/home/projects/dharel/nadavt/repos/newt/tdmpc2/logs/hopper-stand/20251216_011347_expert_hopper-stand/wandb/run-20251216_011455-te5it87p/files/media/videos/videos/eval_video_5000000_f680a94ba5e7dc6694b1.mp4,/home/projects/dharel/nadavt/repos/newt/tdmpc2/discover/videos_for_presentation/hopper-stand_5000000.mp4
jumper-jump,5000000,100.0,jumper-jump_5000000.mp4,/home/projects/dharel/nadavt/repos/newt/tdmpc2/logs/jumper-jump/20251216_011341_expert_jumper-jump/wandb/run-20251216_011441-uj41cg5q/files/media/videos/videos/eval_video_5000000_72ba6c90710de3d20690.mp4,/home/projects/dharel/nadavt/repos/newt/tdmpc2/discover/videos_for_presentation/jumper-jump_5000000.mp4
ms-ant-run,5000000,100.0,ms-ant-run_5000000.mp4,/home/projects/dharel/nadavt/repos/newt/tdmpc2/logs/ms-ant-run/20251218_215204_expert_ms-ant-run/wandb/run-20251218_215300-3pudn4cm/files/media/videos/videos/eval_video_5000000_0808aaeeb649b8dcbcfd.mp4,/home/projects/dharel/nadavt/repos/newt/tdmpc2/discover/videos_for_presentation/ms-ant-run_5000000.mp4
ms-ant-walk,5000000,100.0,ms-ant-walk_5000000.mp4,/home/projects/dharel/nadavt/repos/newt/tdmpc2/logs/ms-ant-walk/20251220_141501_expert_ms-ant-walk/wandb/run-20251220_141546-idnvtw3w/files/media/videos/videos/eval_video_5000000_89b4dab65a5d131a0e59.mp4,/home/projects/dharel/nadavt/repos/newt/tdmpc2/discover/videos_for_presentation/ms-ant-walk_5000000.mp4
ms-anymal-reach,5000000,100.0,ms-anymal-reach_5000000.mp4,/home/projects/dharel/nadavt/repos/newt/tdmpc2/logs/ms-anymal-reach/20251218_204804_expert_ms-anymal-reach/wandb/run-20251218_204915-roii6end/files/media/videos/videos/eval_video_5000000_9e621d1aad0618970e90.mp4,/home/projects/dharel/nadavt/repos/newt/tdmpc2/discover/videos_for_presentation/ms-anymal-reach_5000000.mp4
ms-cartpole-balance,5000000,100.0,ms-cartpole-balance_5000000.mp4,/home/projects/dharel/nadavt/repos/newt/tdmpc2/logs/ms-cartpole-balance/20251218_205024_expert_ms-cartpole-balance/wandb/run-20251218_205141-6j0g5m7p/files/media/videos/videos/eval_video_5000000_7303de2de5914a1e7c7a.mp4,/home/projects/dharel/nadavt/repos/newt/tdmpc2/discover/videos_for_presentation/ms-cartpole-balance_5000000.mp4
ms-cartpole-balance-sparse,5000000,100.0,ms-cartpole-balance-sparse_5000000.mp4,/home/projects/dharel/nadavt/repos/newt/tdmpc2/logs/ms-cartpole-balance-sparse/20251219_033601_expert_ms-cartpole-balance-sparse/wandb/run-20251219_033704-4cfx5ta3/files/media/videos/videos/eval_video_5000000_8a7d2713b68beaadc4a5.mp4,/home/projects/dharel/nadavt/repos/newt/tdmpc2/discover/videos_for_presentation/ms-cartpole-balance-sparse_5000000.mp4
ms-cartpole-swingup,5000000,100.0,ms-cartpole-swingup_5000000.mp4,/home/projects/dharel/nadavt/repos/newt/tdmpc2/logs/ms-cartpole-swingup/20251218_214949_expert_ms-cartpole-swingup/wandb/run-20251218_215100-0wwqdeum/files/media/videos/videos/eval_video_5000000_6335937ba3bb67ed81cb.mp4,/home/projects/dharel/nadavt/repos/newt/tdmpc2/discover/videos_for_presentation/ms-cartpole-swingup_5000000.mp4
ms-cartpole-swingup-sparse,5000000,100.0,ms-cartpole-swingup-sparse_5000000.mp4,/home/projects/dharel/nadavt/repos/newt/tdmpc2/logs/ms-cartpole-swingup-sparse/20251218_204801_expert_ms-cartpole-swingup-sparse/wandb/run-20251218_204910-gq97a5r4/files/media/videos/videos/eval_video_5000000_03b528a8f626a0e9827d.mp4,/home/projects/dharel/nadavt/repos/newt/tdmpc2/discover/videos_for_presentation/ms-cartpole-swingup-sparse_5000000.mp4
ms-hopper-hop,5000000,100.0,ms-hopper-hop_5000000.mp4,/home/projects/dharel/nadavt/repos/newt/tdmpc2/logs/ms-hopper-hop/20251218_205031_expert_ms-hopper-hop/wandb/run-20251218_205144-yqd1ygd5/files/media/videos/videos/eval_video_5000000_b688dad08c0274c8a462.mp4,/home/projects/dharel/nadavt/repos/newt/tdmpc2/discover/videos_for_presentation/ms-hopper-hop_5000000.mp4
ms-hopper-stand,5000000,100.0,ms-hopper-stand_5000000.mp4,/home/projects/dharel/nadavt/repos/newt/tdmpc2/logs/ms-hopper-stand/20251220_095042_expert_ms-hopper-stand/wandb/run-20251220_095154-pn280pcf/files/media/videos/videos/eval_video_5000000_91d6aa6d14fa06bae770.mp4,/home/projects/dharel/nadavt/repos/newt/tdmpc2/discover/videos_for_presentation/ms-hopper-stand_5000000.mp4
ms-lift-peg,5000000,100.0,ms-lift-peg_5000000.mp4,/home/projects/dharel/nadavt/repos/newt/tdmpc2/logs/ms-lift-peg/20251218_204804_expert_ms-lift-peg/wandb/run-20251218_204928-a4ijuvii/files/media/videos/videos/eval_video_5000000_19d572fa28e64ae1db08.mp4,/home/projects/dharel/nadavt/repos/newt/tdmpc2/discover/videos_for_presentation/ms-lift-peg_5000000.mp4
ms-pick-apple,5000000,100.0,ms-pick-apple_5000000.mp4,/home/projects/dharel/nadavt/repos/newt/tdmpc2/logs/ms-pick-apple/20251218_204806_expert_ms-pick-apple/wandb/run-20251218_204933-gspq7t8n/files/media/videos/videos/eval_video_5000000_7dc7a8a49e627abcbadb.mp4,/home/projects/dharel/nadavt/repos/newt/tdmpc2/discover/videos_for_presentation/ms-pick-apple_5000000.mp4
ms-pick-banana,5000000,100.0,ms-pick-banana_5000000.mp4,/home/projects/dharel/nadavt/repos/newt/tdmpc2/logs/ms-pick-banana/20251218_205930_expert_ms-pick-banana/wandb/run-20251218_210026-ar293lf2/files/media/videos/videos/eval_video_5000000_82e363ead4640ce6d270.mp4,/home/projects/dharel/nadavt/repos/newt/tdmpc2/discover/videos_for_presentation/ms-pick-banana_5000000.mp4
ms-pick-can,5000000,100.0,ms-pick-can_5000000.mp4,/home/projects/dharel/nadavt/repos/newt/tdmpc2/logs/ms-pick-can/20251219_015004_expert_ms-pick-can/wandb/run-20251219_015115-nn53vfnv/files/media/videos/videos/eval_video_5000000_864abfe184eb72c5d2e7.mp4,/home/projects/dharel/nadavt/repos/newt/tdmpc2/discover/videos_for_presentation/ms-pick-can_5000000.mp4
ms-pick-cube,5000000,100.0,ms-pick-cube_5000000.mp4,/home/projects/dharel/nadavt/repos/newt/tdmpc2/logs/ms-pick-cube/20251218_205036_expert_ms-pick-cube/wandb/run-20251218_205145-dkj4ltvs/files/media/videos/videos/eval_video_3760000_7c5bb6f75c1d8eb48509.mp4,/home/projects/dharel/nadavt/repos/newt/tdmpc2/discover/videos_for_presentation/ms-pick-cube_5000000.mp4
ms-pick-cube-eepose,5000000,100.0,ms-pick-cube-eepose_5000000.mp4,/home/projects/dharel/nadavt/repos/newt/tdmpc2/logs/ms-pick-cube-eepose/20251218_205035_expert_ms-pick-cube-eepose/wandb/run-20251218_205147-k70jbklv/files/media/videos/videos/eval_video_3600000_f6266dd56e4f378ee55d.mp4,/home/projects/dharel/nadavt/repos/newt/tdmpc2/discover/videos_for_presentation/ms-pick-cube-eepose_5000000.mp4
ms-pick-cube-so,5000000,100.0,ms-pick-cube-so_5000000.mp4,/home/projects/dharel/nadavt/repos/newt/tdmpc2/logs/ms-pick-cube-so/20251218_204945_expert_ms-pick-cube-so/wandb/run-20251218_205046-wrc22o03/files/media/videos/videos/eval_video_5000000_8fb12b0385b08201d690.mp4,/home/projects/dharel/nadavt/repos/newt/tdmpc2/discover/videos_for_presentation/ms-pick-cube-so_5000000.mp4
ms-pick-fork,5000000,100.0,ms-pick-fork_5000000.mp4,/home/projects/dharel/nadavt/repos/newt/tdmpc2/logs/ms-pick-fork/20251218_205823_expert_ms-pick-fork/wandb/run-20251218_205913-lsj6v3ze/files/media/videos/videos/eval_video_5000000_6402638dc51c27e7d6ee.mp4,/home/projects/dharel/nadavt/repos/newt/tdmpc2/discover/videos_for_presentation/ms-pick-fork_5000000.mp4
ms-pick-hammer,4300000,86.0,ms-pick-hammer_4300000.mp4,/home/projects/dharel/nadavt/repos/newt/tdmpc2/logs/ms-pick-hammer/20251224_234052_expert_ms-pick-hammer/wandb/run-20251224_234211-6kwgxc7q/files/media/videos/videos/eval_video_0_1d48441351ba8beb0486.mp4,/home/projects/dharel/nadavt/repos/newt/tdmpc2/discover/videos_for_presentation/ms-pick-hammer_4300000.mp4
ms-pick-mug,5000000,100.0,ms-pick-mug_5000000.mp4,/home/projects/dharel/nadavt/repos/newt/tdmpc2/logs/ms-pick-mug/20251218_214701_expert_ms-pick-mug/wandb/run-20251218_214803-p3e4dtef/files/media/videos/videos/eval_video_5000000_bb282cbe2d55f53af4ed.mp4,/home/projects/dharel/nadavt/repos/newt/tdmpc2/discover/videos_for_presentation/ms-pick-mug_5000000.mp4
ms-pick-orange,4600000,92.0,ms-pick-orange_4600000.mp4,/home/projects/dharel/nadavt/repos/newt/tdmpc2/logs/ms-pick-orange/20251224_234828_expert_ms-pick-orange/wandb/run-20251224_234931-3g60o4tg/files/media/videos/videos/eval_video_0_6f5be42098930bf9e26a.mp4,/home/projects/dharel/nadavt/repos/newt/tdmpc2/discover/videos_for_presentation/ms-pick-orange_4600000.mp4
ms-pick-screwdriver,4371598,87.43196,ms-pick-screwdriver_4371598.mp4,/home/projects/dharel/nadavt/repos/newt/tdmpc2/logs/ms-pick-screwdriver/20251224_234752_expert_ms-pick-screwdriver/wandb/run-20251224_234853-ewdlmcaz/files/media/videos/videos/eval_video_0_11dbb32d5a22cd565e9b.mp4,/home/projects/dharel/nadavt/repos/newt/tdmpc2/discover/videos_for_presentation/ms-pick-screwdriver_4371598.mp4
ms-pick-sponge,5000000,100.0,ms-pick-sponge_5000000.mp4,/home/projects/dharel/nadavt/repos/newt/tdmpc2/logs/ms-pick-sponge/20251218_204804_expert_ms-pick-sponge/wandb/run-20251218_204915-r8x1faw4/files/media/videos/videos/eval_video_5000000_ad85c0b6dac005a5f131.mp4,/home/projects/dharel/nadavt/repos/newt/tdmpc2/discover/videos_for_presentation/ms-pick-sponge_5000000.mp4
ms-pick-spoon,4327498,86.54996,ms-pick-spoon_4327498.mp4,/home/projects/dharel/nadavt/repos/newt/tdmpc2/logs/ms-pick-spoon/20251224_234719_expert_ms-pick-spoon/wandb/run-20251224_234921-ccgdf77c/files/media/videos/videos/eval_video_0_d53550751ca2b1885223.mp4,/home/projects/dharel/nadavt/repos/newt/tdmpc2/discover/videos_for_presentation/ms-pick-spoon_4327498.mp4
ms-place-sphere,5000000,100.0,ms-place-sphere_5000000.mp4,/home/projects/dharel/nadavt/repos/newt/tdmpc2/logs/ms-place-sphere/20251222_225701_expert_ms-place-sphere/wandb/run-20251222_225802-0nno4k8o/files/media/videos/videos/eval_video_5000000_de03b93e4d29d5971e2b.mp4,/home/projects/dharel/nadavt/repos/newt/tdmpc2/discover/videos_for_presentation/ms-place-sphere_5000000.mp4
ms-poke-cube,5000000,100.0,ms-poke-cube_5000000.mp4,/home/projects/dharel/nadavt/repos/newt/tdmpc2/logs/ms-poke-cube/20251218_204945_expert_ms-poke-cube/wandb/run-20251218_205046-72nwgqld/files/media/videos/videos/eval_video_5000000_79f7334782142433ee7f.mp4,/home/projects/dharel/nadavt/repos/newt/tdmpc2/discover/videos_for_presentation/ms-poke-cube_5000000.mp4
ms-pull-cube,5000000,100.0,ms-pull-cube_5000000.mp4,/home/projects/dharel/nadavt/repos/newt/tdmpc2/logs/ms-pull-cube/20251218_204941_expert_ms-pull-cube/wandb/run-20251218_205041-svvukv9j/files/media/videos/videos/eval_video_5000000_fb94707d5e2aa9ffe5b3.mp4,/home/projects/dharel/nadavt/repos/newt/tdmpc2/discover/videos_for_presentation/ms-pull-cube_5000000.mp4
ms-pull-cube-tool,5000000,100.0,ms-pull-cube-tool_5000000.mp4,/home/projects/dharel/nadavt/repos/newt/tdmpc2/logs/ms-pull-cube-tool/20251222_225650_expert_ms-pull-cube-tool/wandb/run-20251222_225750-lo4nk59q/files/media/videos/videos/eval_video_5000000_fe7ef560ded1b72be8d9.mp4,/home/projects/dharel/nadavt/repos/newt/tdmpc2/discover/videos_for_presentation/ms-pull-cube-tool_5000000.mp4
ms-push-cube,5000000,100.0,ms-push-cube_5000000.mp4,/home/projects/dharel/nadavt/repos/newt/tdmpc2/logs/ms-push-cube/20251218_204942_expert_ms-push-cube/wandb/run-20251218_205040-3drda9ar/files/media/videos/videos/eval_video_5000000_668bc8335ec5d9ef12e3.mp4,/home/projects/dharel/nadavt/repos/newt/tdmpc2/discover/videos_for_presentation/ms-push-cube_5000000.mp4
ms-reach,5000000,100.0,ms-reach_5000000.mp4,/home/projects/dharel/nadavt/repos/newt/tdmpc2/logs/ms-reach/20251218_204804_expert_ms-reach/wandb/run-20251218_204915-8350ewsg/files/media/videos/videos/eval_video_5000000_9627863af558a187639a.mp4,/home/projects/dharel/nadavt/repos/newt/tdmpc2/discover/videos_for_presentation/ms-reach_5000000.mp4
ms-reach-eepose,5000000,100.0,ms-reach-eepose_5000000.mp4,/home/projects/dharel/nadavt/repos/newt/tdmpc2/logs/ms-reach-eepose/20251218_214852_expert_ms-reach-eepose/wandb/run-20251218_214935-qyjuat01/files/media/videos/videos/eval_video_5000000_e1019b17e78a1206b75e.mp4,/home/projects/dharel/nadavt/repos/newt/tdmpc2/discover/videos_for_presentation/ms-reach-eepose_5000000.mp4
ms-reach-xarm6,5000000,100.0,ms-reach-xarm6_5000000.mp4,/home/projects/dharel/nadavt/repos/newt/tdmpc2/logs/ms-reach-xarm6/20251218_204804_expert_ms-reach-xarm6/wandb/run-20251218_204915-ejo9qph8/files/media/videos/videos/eval_video_5000000_1df7d3e4df06bcc545b3.mp4,/home/projects/dharel/nadavt/repos/newt/tdmpc2/discover/videos_for_presentation/ms-reach-xarm6_5000000.mp4
ms-stack-cube,5000000,100.0,ms-stack-cube_5000000.mp4,/home/projects/dharel/nadavt/repos/newt/tdmpc2/logs/ms-stack-cube/20251221_004624_expert_ms-stack-cube/wandb/run-20251221_004720-pkrhgmqu/files/media/videos/videos/eval_video_5000000_3518b774aea73b1a4b62.mp4,/home/projects/dharel/nadavt/repos/newt/tdmpc2/discover/videos_for_presentation/ms-stack-cube_5000000.mp4
mujoco-reacher,5000000,100.0,mujoco-reacher_5000000.mp4,/home/projects/dharel/nadavt/repos/newt/tdmpc2/logs/mujoco-reacher/20251222_225119_expert_mujoco-reacher/wandb/run-20251222_225231-pon4r8un/files/media/videos/videos/eval_video_5000000_3c191b4a42cb7c8fd027.mp4,/home/projects/dharel/nadavt/repos/newt/tdmpc2/discover/videos_for_presentation/mujoco-reacher_5000000.mp4
mujoco-walker,5000000,100.0,mujoco-walker_5000000.mp4,/home/projects/dharel/nadavt/repos/newt/tdmpc2/logs/mujoco-walker/20251222_225120_expert_mujoco-walker/wandb/run-20251222_225232-790z1ovv/files/media/videos/videos/eval_video_5000000_b8e9a6f4af9c7d3ca91d.mp4,/home/projects/dharel/nadavt/repos/newt/tdmpc2/discover/videos_for_presentation/mujoco-walker_5000000.mp4
mw-assembly,5000000,100.0,mw-assembly_5000000.mp4,/home/projects/dharel/nadavt/repos/newt/tdmpc2/logs/mw-assembly/20251216_011341_expert_mw-assembly/wandb/run-20251216_011442-1jlgps8g/files/media/videos/videos/eval_video_5000000_c834f5e7ce93ab7fde37.mp4,/home/projects/dharel/nadavt/repos/newt/tdmpc2/discover/videos_for_presentation/mw-assembly_5000000.mp4
mw-basketball,5000000,100.0,mw-basketball_5000000.mp4,/home/projects/dharel/nadavt/repos/newt/tdmpc2/logs/mw-basketball/20251222_225120_expert_mw-basketball/wandb/run-20251222_225232-ymceysec/files/media/videos/videos/eval_video_5000000_de199a025f809ac6401d.mp4,/home/projects/dharel/nadavt/repos/newt/tdmpc2/discover/videos_for_presentation/mw-basketball_5000000.mp4
mw-bin-picking,5000000,100.0,mw-bin-picking_5000000.mp4,/home/projects/dharel/nadavt/repos/newt/tdmpc2/logs/mw-bin-picking/20251222_225115_expert_mw-bin-picking/wandb/run-20251222_225227-4qg7ynn2/files/media/videos/videos/eval_video_5000000_9622350d858b20774b7b.mp4,/home/projects/dharel/nadavt/repos/newt/tdmpc2/discover/videos_for_presentation/mw-bin-picking_5000000.mp4
mw-button-press,5000000,100.0,mw-button-press_5000000.mp4,/home/projects/dharel/nadavt/repos/newt/tdmpc2/logs/mw-button-press/20251218_101018_expert_mw-button-press/wandb/run-20251218_101058-v4hf2mmm/files/media/videos/videos/eval_video_5000000_245324120cf76e69d06e.mp4,/home/projects/dharel/nadavt/repos/newt/tdmpc2/discover/videos_for_presentation/mw-button-press_5000000.mp4
mw-button-press-topdown,5000000,100.0,mw-button-press-topdown_5000000.mp4,/home/projects/dharel/nadavt/repos/newt/tdmpc2/logs/mw-button-press-topdown/20251224_234031_expert_mw-button-press-topdown/wandb/run-20251224_234113-2rp9217f/files/media/videos/videos/eval_video_0_f3b86cd88b65b9beb6f0.mp4,/home/projects/dharel/nadavt/repos/newt/tdmpc2/discover/videos_for_presentation/mw-button-press-topdown_5000000.mp4
mw-button-press-topdown-wall,5000000,100.0,mw-button-press-topdown-wall_5000000.mp4,/home/projects/dharel/nadavt/repos/newt/tdmpc2/logs/mw-button-press-topdown-wall/20251216_011343_expert_mw-button-press-topdown-wall/wandb/run-20251216_011445-zfblalog/files/media/videos/videos/eval_video_5000000_78f6d551c3d33bb44eef.mp4,/home/projects/dharel/nadavt/repos/newt/tdmpc2/discover/videos_for_presentation/mw-button-press-topdown-wall_5000000.mp4
mw-button-press-wall,5000000,100.0,mw-button-press-wall_5000000.mp4,/home/projects/dharel/nadavt/repos/newt/tdmpc2/logs/mw-button-press-wall/20251218_095832_expert_mw-button-press-wall/wandb/run-20251218_095919-opeu66hw/files/media/videos/videos/eval_video_5000000_415acacda582b6be2b1a.mp4,/home/projects/dharel/nadavt/repos/newt/tdmpc2/discover/videos_for_presentation/mw-button-press-wall_5000000.mp4
mw-coffee-button,5000000,100.0,mw-coffee-button_5000000.mp4,/home/projects/dharel/nadavt/repos/newt/tdmpc2/logs/mw-coffee-button/20251218_182346_expert_mw-coffee-button/wandb/run-20251218_182435-dwupqb5l/files/media/videos/videos/eval_video_5000000_a173f68a8a0ea87ad7e2.mp4,/home/projects/dharel/nadavt/repos/newt/tdmpc2/discover/videos_for_presentation/mw-coffee-button_5000000.mp4
mw-coffee-pull,5000000,100.0,mw-coffee-pull_5000000.mp4,/home/projects/dharel/nadavt/repos/newt/tdmpc2/logs/mw-coffee-pull/20251218_214522_expert_mw-coffee-pull/wandb/run-20251218_214612-u5rldyvw/files/media/videos/videos/eval_video_5000000_94e57da7d41d64866f94.mp4,/home/projects/dharel/nadavt/repos/newt/tdmpc2/discover/videos_for_presentation/mw-coffee-pull_5000000.mp4
mw-coffee-push,5000000,100.0,mw-coffee-push_5000000.mp4,/home/projects/dharel/nadavt/repos/newt/tdmpc2/logs/mw-coffee-push/20251217_090848_expert_mw-coffee-push/wandb/run-20251217_090943-sb3t7a7c/files/media/videos/videos/eval_video_5000000_5a842ddcc0f5e29c2322.mp4,/home/projects/dharel/nadavt/repos/newt/tdmpc2/discover/videos_for_presentation/mw-coffee-push_5000000.mp4
mw-dial-turn,5000000,100.0,mw-dial-turn_5000000.mp4,/home/projects/dharel/nadavt/repos/newt/tdmpc2/logs/mw-dial-turn/20251218_215637_expert_mw-dial-turn/wandb/run-20251218_215726-abuw9a0c/files/media/videos/videos/eval_video_5000000_d87d1bd8f379176f790b.mp4,/home/projects/dharel/nadavt/repos/newt/tdmpc2/discover/videos_for_presentation/mw-dial-turn_5000000.mp4
mw-disassemble,5000000,100.0,mw-disassemble_5000000.mp4,/home/projects/dharel/nadavt/repos/newt/tdmpc2/logs/mw-disassemble/20251216_011332_expert_mw-disassemble/wandb/run-20251216_011422-jsizzsxr/files/media/videos/videos/eval_video_5000000_fad401a52edb78c92fa6.mp4,/home/projects/dharel/nadavt/repos/newt/tdmpc2/discover/videos_for_presentation/mw-disassemble_5000000.mp4
mw-door-close,5000000,100.0,mw-door-close_5000000.mp4,/home/projects/dharel/nadavt/repos/newt/tdmpc2/logs/mw-door-close/20251216_011341_expert_mw-door-close/wandb/run-20251216_011445-8h3gpayz/files/media/videos/videos/eval_video_5000000_5aef17b411de4d1b1fa3.mp4,/home/projects/dharel/nadavt/repos/newt/tdmpc2/discover/videos_for_presentation/mw-door-close_5000000.mp4
mw-door-lock,5000000,100.0,mw-door-lock_5000000.mp4,/home/projects/dharel/nadavt/repos/newt/tdmpc2/logs/mw-door-lock/20251216_011337_expert_mw-door-lock/wandb/run-20251216_011429-wt7yxavl/files/media/videos/videos/eval_video_800000_6266e6426825a0abfced.mp4,/home/projects/dharel/nadavt/repos/newt/tdmpc2/discover/videos_for_presentation/mw-door-lock_5000000.mp4
mw-door-open,5000000,100.0,mw-door-open_5000000.mp4,/home/projects/dharel/nadavt/repos/newt/tdmpc2/logs/mw-door-open/20251216_011341_expert_mw-door-open/wandb/run-20251216_011446-yhcecgwl/files/media/videos/videos/eval_video_5000000_e125b58ecb5d4594087f.mp4,/home/projects/dharel/nadavt/repos/newt/tdmpc2/discover/videos_for_presentation/mw-door-open_5000000.mp4
mw-door-unlock,4900000,98.0,mw-door-unlock_4900000.mp4,/home/projects/dharel/nadavt/repos/newt/tdmpc2/logs/mw-door-unlock/20251216_011336_expert_mw-door-unlock/wandb/run-20251216_011429-r3b6gr6s/files/media/videos/videos/eval_video_800000_b7a54f9946ea5c50b6cf.mp4,/home/projects/dharel/nadavt/repos/newt/tdmpc2/discover/videos_for_presentation/mw-door-unlock_4900000.mp4
mw-drawer-open,5000000,100.0,mw-drawer-open_5000000.mp4,/home/projects/dharel/nadavt/repos/newt/tdmpc2/logs/mw-drawer-open/20251216_011341_expert_mw-drawer-open/wandb/run-20251216_011445-fd9wtux2/files/media/videos/videos/eval_video_5000000_f80116118d39faba0de3.mp4,/home/projects/dharel/nadavt/repos/newt/tdmpc2/discover/videos_for_presentation/mw-drawer-open_5000000.mp4
mw-faucet-close,5000000,100.0,mw-faucet-close_5000000.mp4,/home/projects/dharel/nadavt/repos/newt/tdmpc2/logs/mw-faucet-close/20251216_011341_expert_mw-faucet-close/wandb/run-20251216_011444-bpxsyoej/files/media/videos/videos/eval_video_5000000_93bcb7680e0d51851ef2.mp4,/home/projects/dharel/nadavt/repos/newt/tdmpc2/discover/videos_for_presentation/mw-faucet-close_5000000.mp4
mw-faucet-open,5000000,100.0,mw-faucet-open_5000000.mp4,/home/projects/dharel/nadavt/repos/newt/tdmpc2/logs/mw-faucet-open/20251216_011341_expert_mw-faucet-open/wandb/run-20251216_011446-7f9frkai/files/media/videos/videos/eval_video_5000000_8507cdde16afe5592373.mp4,/home/projects/dharel/nadavt/repos/newt/tdmpc2/discover/videos_for_presentation/mw-faucet-open_5000000.mp4
mw-hammer,5000000,100.0,mw-hammer_5000000.mp4,/home/projects/dharel/nadavt/repos/newt/tdmpc2/logs/mw-hammer/20251216_011339_expert_mw-hammer/wandb/run-20251216_011442-ii7neck9/files/media/videos/videos/eval_video_5000000_7bf629155228e7c56ec1.mp4,/home/projects/dharel/nadavt/repos/newt/tdmpc2/discover/videos_for_presentation/mw-hammer_5000000.mp4
mw-handle-press,5000000,100.0,mw-handle-press_5000000.mp4,/home/projects/dharel/nadavt/repos/newt/tdmpc2/logs/mw-handle-press/20251216_011340_expert_mw-handle-press/wandb/run-20251216_011443-eb2a24hb/files/media/videos/videos/eval_video_5000000_9e6e4e9f875b3b57a61e.mp4,/home/projects/dharel/nadavt/repos/newt/tdmpc2/discover/videos_for_presentation/mw-handle-press_5000000.mp4
mw-handle-press-side,5000000,100.0,mw-handle-press-side_5000000.mp4,/home/projects/dharel/nadavt/repos/newt/tdmpc2/logs/mw-handle-press-side/20251216_011340_expert_mw-handle-press-side/wandb/run-20251216_011443-oypgn49u/files/media/videos/videos/eval_video_5000000_1b37a5a3c26fda8cdb52.mp4,/home/projects/dharel/nadavt/repos/newt/tdmpc2/discover/videos_for_presentation/mw-handle-press-side_5000000.mp4
mw-handle-pull,5000000,100.0,mw-handle-pull_5000000.mp4,/home/projects/dharel/nadavt/repos/newt/tdmpc2/logs/mw-handle-pull/20251216_011357_expert_mw-handle-pull/wandb/run-20251216_011515-5lwmp2h1/files/media/videos/videos/eval_video_5000000_297fd0f2dea66d655c10.mp4,/home/projects/dharel/nadavt/repos/newt/tdmpc2/discover/videos_for_presentation/mw-handle-pull_5000000.mp4
mw-handle-pull-side,5000000,100.0,mw-handle-pull-side_5000000.mp4,/home/projects/dharel/nadavt/repos/newt/tdmpc2/logs/mw-handle-pull-side/20251216_011341_expert_mw-handle-pull-side/wandb/run-20251216_011446-pfy9du34/files/media/videos/videos/eval_video_5000000_dbc564e47c2e4431a3ec.mp4,/home/projects/dharel/nadavt/repos/newt/tdmpc2/discover/videos_for_presentation/mw-handle-pull-side_5000000.mp4
mw-lever-pull,5000000,100.0,mw-lever-pull_5000000.mp4,/home/projects/dharel/nadavt/repos/newt/tdmpc2/logs/mw-lever-pull/20251216_011356_expert_mw-lever-pull/wandb/run-20251216_011515-b017q5x5/files/media/videos/videos/eval_video_5000000_a3a0cd6f3ad65c0e75f1.mp4,/home/projects/dharel/nadavt/repos/newt/tdmpc2/discover/videos_for_presentation/mw-lever-pull_5000000.mp4
mw-peg-insert-side,5000000,100.0,mw-peg-insert-side_5000000.mp4,/home/projects/dharel/nadavt/repos/newt/tdmpc2/logs/mw-peg-insert-side/20251217_155914_expert_mw-peg-insert-side/wandb/run-20251217_160005-vg3ftrz5/files/media/videos/videos/eval_video_5000000_7c47046a469f2accda3d.mp4,/home/projects/dharel/nadavt/repos/newt/tdmpc2/discover/videos_for_presentation/mw-peg-insert-side_5000000.mp4
mw-peg-unplug-side,5000000,100.0,mw-peg-unplug-side_5000000.mp4,/home/projects/dharel/nadavt/repos/newt/tdmpc2/logs/mw-peg-unplug-side/20251219_010324_expert_mw-peg-unplug-side/wandb/run-20251219_010426-x95atyl8/files/media/videos/videos/eval_video_5000000_13858351542cab23fd54.mp4,/home/projects/dharel/nadavt/repos/newt/tdmpc2/discover/videos_for_presentation/mw-peg-unplug-side_5000000.mp4
mw-pick-out-of-hole,5000000,100.0,mw-pick-out-of-hole_5000000.mp4,/home/projects/dharel/nadavt/repos/newt/tdmpc2/logs/mw-pick-out-of-hole/20251216_011356_expert_mw-pick-out-of-hole/wandb/run-20251216_011513-b980mnyb/files/media/videos/videos/eval_video_5000000_af9090c95602b0f6ec3a.mp4,/home/projects/dharel/nadavt/repos/newt/tdmpc2/discover/videos_for_presentation/mw-pick-out-of-hole_5000000.mp4
mw-pick-place,5000000,100.0,mw-pick-place_5000000.mp4,/home/projects/dharel/nadavt/repos/newt/tdmpc2/logs/mw-pick-place/20251217_152750_expert_mw-pick-place/wandb/run-20251217_152851-ws404syx/files/media/videos/videos/eval_video_5000000_6f0c7d0b49325b5e50ef.mp4,/home/projects/dharel/nadavt/repos/newt/tdmpc2/discover/videos_for_presentation/mw-pick-place_5000000.mp4
mw-pick-place-wall,5000000,100.0,mw-pick-place-wall_5000000.mp4,/home/projects/dharel/nadavt/repos/newt/tdmpc2/logs/mw-pick-place-wall/20251216_011355_expert_mw-pick-place-wall/wandb/run-20251216_011513-4qryn2wc/files/media/videos/videos/eval_video_5000000_f56413222199f6d7678d.mp4,/home/projects/dharel/nadavt/repos/newt/tdmpc2/discover/videos_for_presentation/mw-pick-place-wall_5000000.mp4
mw-plate-slide,5000000,100.0,mw-plate-slide_5000000.mp4,/home/projects/dharel/nadavt/repos/newt/tdmpc2/logs/mw-plate-slide/20251224_234050_expert_mw-plate-slide/wandb/run-20251224_234150-dewqujq1/files/media/videos/videos/eval_video_0_0798d6a8db18ad812014.mp4,/home/projects/dharel/nadavt/repos/newt/tdmpc2/discover/videos_for_presentation/mw-plate-slide_5000000.mp4
mw-plate-slide-back,5000000,100.0,mw-plate-slide-back_5000000.mp4,/home/projects/dharel/nadavt/repos/newt/tdmpc2/logs/mw-plate-slide-back/20251217_124712_expert_mw-plate-slide-back/wandb/run-20251217_124807-mwjfxqss/files/media/videos/videos/eval_video_5000000_4ef1ccaa92f3d4fd0d21.mp4,/home/projects/dharel/nadavt/repos/newt/tdmpc2/discover/videos_for_presentation/mw-plate-slide-back_5000000.mp4
mw-plate-slide-back-side,4600000,92.0,mw-plate-slide-back-side_4600000.mp4,/home/projects/dharel/nadavt/repos/newt/tdmpc2/logs/mw-plate-slide-back-side/20251225_175829_expert_mw-plate-slide-back-side/wandb/run-20251225_175832-ikl494wf/files/media/videos/videos/eval_video_2460000_343ca51e7571f37b3a07.mp4,/home/projects/dharel/nadavt/repos/newt/tdmpc2/discover/videos_for_presentation/mw-plate-slide-back-side_4600000.mp4
mw-plate-slide-side,5000000,100.0,mw-plate-slide-side_5000000.mp4,/home/projects/dharel/nadavt/repos/newt/tdmpc2/logs/mw-plate-slide-side/20251216_011349_expert_mw-plate-slide-side/wandb/run-20251216_011457-lpt78z9d/files/media/videos/videos/eval_video_5000000_3370931ea4fa4038d999.mp4,/home/projects/dharel/nadavt/repos/newt/tdmpc2/discover/videos_for_presentation/mw-plate-slide-side_5000000.mp4
mw-push,5000000,100.0,mw-push_5000000.mp4,/home/projects/dharel/nadavt/repos/newt/tdmpc2/logs/mw-push/20251224_234054_expert_mw-push/wandb/run-20251224_234156-09dg3eim/files/media/videos/videos/eval_video_0_37b89086f0cd4c4242a6.mp4,/home/projects/dharel/nadavt/repos/newt/tdmpc2/discover/videos_for_presentation/mw-push_5000000.mp4
mw-push-wall,5000000,100.0,mw-push-wall_5000000.mp4,/home/projects/dharel/nadavt/repos/newt/tdmpc2/logs/mw-push-wall/20251216_011346_expert_mw-push-wall/wandb/run-20251216_011451-atmvbm49/files/media/videos/videos/eval_video_5000000_f50df0172cf4d6435563.mp4,/home/projects/dharel/nadavt/repos/newt/tdmpc2/discover/videos_for_presentation/mw-push-wall_5000000.mp4
mw-reach,5000000,100.0,mw-reach_5000000.mp4,/home/projects/dharel/nadavt/repos/newt/tdmpc2/logs/mw-reach/20251216_011344_expert_mw-reach/wandb/run-20251216_011449-s930lwf6/files/media/videos/videos/eval_video_5000000_8a36f4cb8c315ef632fc.mp4,/home/projects/dharel/nadavt/repos/newt/tdmpc2/discover/videos_for_presentation/mw-reach_5000000.mp4
mw-reach-wall,5000000,100.0,mw-reach-wall_5000000.mp4,/home/projects/dharel/nadavt/repos/newt/tdmpc2/logs/mw-reach-wall/20251216_011345_expert_mw-reach-wall/wandb/run-20251216_011450-0t7tnaxa/files/media/videos/videos/eval_video_5000000_0ffd24b15b17c4651e46.mp4,/home/projects/dharel/nadavt/repos/newt/tdmpc2/discover/videos_for_presentation/mw-reach-wall_5000000.mp4
mw-soccer,5000000,100.0,mw-soccer_5000000.mp4,/home/projects/dharel/nadavt/repos/newt/tdmpc2/logs/mw-soccer/20251216_011345_expert_mw-soccer/wandb/run-20251216_011450-x06glboy/files/media/videos/videos/eval_video_5000000_5ce249e255e4faa54bac.mp4,/home/projects/dharel/nadavt/repos/newt/tdmpc2/discover/videos_for_presentation/mw-soccer_5000000.mp4
mw-stick-pull,5000000,100.0,mw-stick-pull_5000000.mp4,/home/projects/dharel/nadavt/repos/newt/tdmpc2/logs/mw-stick-pull/20251216_011346_expert_mw-stick-pull/wandb/run-20251216_011449-dj4kdh4o/files/media/videos/videos/eval_video_5000000_14f6c8e438c9fe6dd3f5.mp4,/home/projects/dharel/nadavt/repos/newt/tdmpc2/discover/videos_for_presentation/mw-stick-pull_5000000.mp4
mw-stick-push,2000000,40.0,mw-stick-push_2000000.mp4,/home/projects/dharel/nadavt/repos/newt/tdmpc2/logs/mw-stick-push/20251216_011345_expert_mw-stick-push/wandb/run-20251216_011450-i9hoiuj1/files/media/videos/videos/eval_video_0_05f7f841ea117a8aa7a1.mp4,/home/projects/dharel/nadavt/repos/newt/tdmpc2/discover/videos_for_presentation/mw-stick-push_2000000.mp4
mw-sweep,2800000,56.0,mw-sweep_2800000.mp4,/home/projects/dharel/nadavt/repos/newt/tdmpc2/logs/mw-sweep/20251216_011344_expert_mw-sweep/wandb/run-20251216_011437-ec86v0ww/files/media/videos/videos/eval_video_880000_2572c16a0c18e6bcd471.mp4,/home/projects/dharel/nadavt/repos/newt/tdmpc2/discover/videos_for_presentation/mw-sweep_2800000.mp4
mw-sweep-into,2700000,54.0,mw-sweep-into_2700000.mp4,/home/projects/dharel/nadavt/repos/newt/tdmpc2/logs/mw-sweep-into/20251216_011344_expert_mw-sweep-into/wandb/run-20251216_011437-c7rcgw4m/files/media/videos/videos/eval_video_880000_05fee6673a40c8834589.mp4,/home/projects/dharel/nadavt/repos/newt/tdmpc2/discover/videos_for_presentation/mw-sweep-into_2700000.mp4
mw-window-close,4300000,86.0,mw-window-close_4300000.mp4,/home/projects/dharel/nadavt/repos/newt/tdmpc2/logs/mw-window-close/20251225_175818_expert_mw-window-close/wandb/run-20251225_175820-n1gl0qlx/files/media/videos/videos/eval_video_2380000_4937aca56151a45e3da1.mp4,/home/projects/dharel/nadavt/repos/newt/tdmpc2/discover/videos_for_presentation/mw-window-close_4300000.mp4
mw-window-open,4500000,90.0,mw-window-open_4500000.mp4,/home/projects/dharel/nadavt/repos/newt/tdmpc2/logs/mw-window-open/20251216_011344_expert_mw-window-open/wandb/run-20251216_011437-86olcdgl/files/media/videos/videos/eval_video_920000_81551f1aae1e0a139946.mp4,/home/projects/dharel/nadavt/repos/newt/tdmpc2/discover/videos_for_presentation/mw-window-open_4500000.mp4
og-point-maze,5000000,100.0,og-point-maze_5000000.mp4,/home/projects/dharel/nadavt/repos/newt/tdmpc2/logs/og-point-maze/20251222_225108_expert_og-point-maze/wandb/run-20251222_225200-3plkm56r/files/media/videos/videos/eval_video_5000000_484a0125d1117b9df4ca.mp4,/home/projects/dharel/nadavt/repos/newt/tdmpc2/discover/videos_for_presentation/og-point-maze_5000000.mp4
pendulum-spin,5000000,100.0,pendulum-spin_5000000.mp4,/home/projects/dharel/nadavt/repos/newt/tdmpc2/logs/pendulum-spin/20251216_011341_expert_pendulum-spin/wandb/run-20251216_011441-boict3jd/files/media/videos/videos/eval_video_5000000_c8389ccf09f0cdf81204.mp4,/home/projects/dharel/nadavt/repos/newt/tdmpc2/discover/videos_for_presentation/pendulum-spin_5000000.mp4
pendulum-swingup,5000000,100.0,pendulum-swingup_5000000.mp4,/home/projects/dharel/nadavt/repos/newt/tdmpc2/logs/pendulum-swingup/20251216_011350_expert_pendulum-swingup/wandb/run-20251216_011459-qi8unel4/files/media/videos/videos/eval_video_5000000_540d88988a8ddd0bcb9e.mp4,/home/projects/dharel/nadavt/repos/newt/tdmpc2/discover/videos_for_presentation/pendulum-swingup_5000000.mp4
pygame-air-hockey,5000000,100.0,pygame-air-hockey_5000000.mp4,/home/projects/dharel/nadavt/repos/newt/tdmpc2/logs/pygame-air-hockey/20251218_180857_expert_pygame-air-hockey/wandb/run-20251218_180959-ic0gsvbu/files/media/videos/videos/eval_video_5000000_3a35241c921626d3ede9.mp4,/home/projects/dharel/nadavt/repos/newt/tdmpc2/discover/videos_for_presentation/pygame-air-hockey_5000000.mp4
pygame-bird-attack,5000000,100.0,pygame-bird-attack_5000000.mp4,/home/projects/dharel/nadavt/repos/newt/tdmpc2/logs/pygame-bird-attack/20251218_184117_expert_pygame-bird-attack/wandb/run-20251218_184206-w8zbambx/files/media/videos/videos/eval_video_5000000_2cc228c0fedf6b812802.mp4,/home/projects/dharel/nadavt/repos/newt/tdmpc2/discover/videos_for_presentation/pygame-bird-attack_5000000.mp4
pygame-spaceship,5000000,100.0,pygame-spaceship_5000000.mp4,/home/projects/dharel/nadavt/repos/newt/tdmpc2/logs/pygame-spaceship/20251218_182934_expert_pygame-spaceship/wandb/run-20251218_183022-4jfn90zf/files/media/videos/videos/eval_video_5000000_3473e74c2bd103698ece.mp4,/home/projects/dharel/nadavt/repos/newt/tdmpc2/discover/videos_for_presentation/pygame-spaceship_5000000.mp4
quadruped-run,5000000,100.0,quadruped-run_5000000.mp4,/home/projects/dharel/nadavt/repos/newt/tdmpc2/logs/quadruped-run/20251217_105659_expert_quadruped-run/wandb/run-20251217_105745-44plkngf/files/media/videos/videos/eval_video_5000000_1fa95556fdfea4379cdc.mp4,/home/projects/dharel/nadavt/repos/newt/tdmpc2/discover/videos_for_presentation/quadruped-run_5000000.mp4
quadruped-walk,5000000,100.0,quadruped-walk_5000000.mp4,/home/projects/dharel/nadavt/repos/newt/tdmpc2/logs/quadruped-walk/20251217_095705_expert_quadruped-walk/wandb/run-20251217_095807-1k7hazeb/files/media/videos/videos/eval_video_5000000_d6d4a0068dcde450c067.mp4,/home/projects/dharel/nadavt/repos/newt/tdmpc2/discover/videos_for_presentation/quadruped-walk_5000000.mp4
rd-open-drawer,5000000,100.0,rd-open-drawer_5000000.mp4,/home/projects/dharel/nadavt/repos/newt/tdmpc2/logs/rd-open-drawer/20251222_225159_expert_rd-open-drawer/wandb/run-20251222_225250-3fd5ckgf/files/media/videos/videos/eval_video_5000000_e9696e995f568af9c4d2.mp4,/home/projects/dharel/nadavt/repos/newt/tdmpc2/discover/videos_for_presentation/rd-open-drawer_5000000.mp4
rd-push-red,1800000,36.0,rd-push-red_1800000.mp4,/home/projects/dharel/nadavt/repos/newt/tdmpc2/logs/rd-push-red/20251225_173601_expert_rd-push-red/wandb/run-20251225_173603-t8wnn8gg/files/media/videos/videos/eval_video_140000_1ddf306a6f528b355f20.mp4,/home/projects/dharel/nadavt/repos/newt/tdmpc2/discover/videos_for_presentation/rd-push-red_1800000.mp4
reacher-easy,5000000,100.0,reacher-easy_5000000.mp4,/home/projects/dharel/nadavt/repos/newt/tdmpc2/logs/reacher-easy/20251217_173005_expert_reacher-easy/wandb/run-20251217_173053-n8j9ugu6/files/media/videos/videos/eval_video_5000000_be821bf7da61e62d6024.mp4,/home/projects/dharel/nadavt/repos/newt/tdmpc2/discover/videos_for_presentation/reacher-easy_5000000.mp4
reacher-hard,5000000,100.0,reacher-hard_5000000.mp4,/home/projects/dharel/nadavt/repos/newt/tdmpc2/logs/reacher-hard/20251216_064508_expert_reacher-hard/wandb/run-20251216_064613-0cbsc0mg/files/media/videos/videos/eval_video_5000000_45919c455585cf78012b.mp4,/home/projects/dharel/nadavt/repos/newt/tdmpc2/discover/videos_for_presentation/reacher-hard_5000000.mp4
reacher-three-easy,5000000,100.0,reacher-three-easy_5000000.mp4,/home/projects/dharel/nadavt/repos/newt/tdmpc2/logs/reacher-three-easy/20251219_141112_expert_reacher-three-easy/wandb/run-20251219_141214-a7hrf9z5/files/media/videos/videos/eval_video_5000000_68df7f1c33dfb01326ef.mp4,/home/projects/dharel/nadavt/repos/newt/tdmpc2/discover/videos_for_presentation/reacher-three-easy_5000000.mp4
reacher-three-hard,5000000,100.0,reacher-three-hard_5000000.mp4,/home/projects/dharel/nadavt/repos/newt/tdmpc2/logs/reacher-three-hard/20251220_212356_expert_reacher-three-hard/wandb/run-20251220_212459-sox7pm8i/files/media/videos/videos/eval_video_5000000_4847b3eeabb1569520cc.mp4,/home/projects/dharel/nadavt/repos/newt/tdmpc2/discover/videos_for_presentation/reacher-three-hard_5000000.mp4
spinner-jump-four,5000000,100.0,spinner-jump-four_5000000.mp4,/home/projects/dharel/nadavt/repos/newt/tdmpc2/logs/spinner-jump-four/20251225_173601_expert_spinner-jump-four/wandb/run-20251225_173603-mcsuhm1j/files/media/videos/videos/eval_video_240000_b69afa8f5c28bb02c60a.mp4,/home/projects/dharel/nadavt/repos/newt/tdmpc2/discover/videos_for_presentation/spinner-jump-four_5000000.mp4
spinner-spin,5000000,100.0,spinner-spin_5000000.mp4,/home/projects/dharel/nadavt/repos/newt/tdmpc2/logs/spinner-spin/20251216_011340_expert_spinner-spin/wandb/run-20251216_011440-yfz0n0a5/files/media/videos/videos/eval_video_5000000_50f052b3a7419ff699ba.mp4,/home/projects/dharel/nadavt/repos/newt/tdmpc2/discover/videos_for_presentation/spinner-spin_5000000.mp4
spinner-spin-backward,5000000,100.0,spinner-spin-backward_5000000.mp4,/home/projects/dharel/nadavt/repos/newt/tdmpc2/logs/spinner-spin-backward/20251216_011341_expert_spinner-spin-backward/wandb/run-20251216_011443-p8se3ryo/files/media/videos/videos/eval_video_5000000_595f576a866b64ef2acf.mp4,/home/projects/dharel/nadavt/repos/newt/tdmpc2/discover/videos_for_presentation/spinner-spin-backward_5000000.mp4
walker-run,5000000,100.0,walker-run_5000000.mp4,/home/projects/dharel/nadavt/repos/newt/tdmpc2/logs/walker-run/20251216_011345_expert_walker-run/wandb/run-20251216_011450-2gvvfeki/files/media/videos/videos/eval_video_5000000_3a1e3f49a50ec78861fc.mp4,/home/projects/dharel/nadavt/repos/newt/tdmpc2/discover/videos_for_presentation/walker-run_5000000.mp4
walker-run-backward,5000000,100.0,walker-run-backward_5000000.mp4,/home/projects/dharel/nadavt/repos/newt/tdmpc2/logs/walker-run-backward/20251216_011348_expert_walker-run-backward/wandb/run-20251216_011455-339ylyvz/files/media/videos/videos/eval_video_5000000_34fa3258ddf22748f27e.mp4,/home/projects/dharel/nadavt/repos/newt/tdmpc2/discover/videos_for_presentation/walker-run-backward_5000000.mp4
walker-stand,5000000,100.0,walker-stand_5000000.mp4,/home/projects/dharel/nadavt/repos/newt/tdmpc2/logs/walker-stand/20251216_011347_expert_walker-stand/wandb/run-20251216_011453-wv2jj78m/files/media/videos/videos/eval_video_5000000_9a81427fabbf744a0aa0.mp4,/home/projects/dharel/nadavt/repos/newt/tdmpc2/discover/videos_for_presentation/walker-stand_5000000.mp4
walker-walk,5000000,100.0,walker-walk_5000000.mp4,/home/projects/dharel/nadavt/repos/newt/tdmpc2/logs/walker-walk/20251217_100353_expert_walker-walk/wandb/run-20251217_100454-orltzkv5/files/media/videos/videos/eval_video_5000000_2e92e76df817328aef78.mp4,/home/projects/dharel/nadavt/repos/newt/tdmpc2/discover/videos_for_presentation/walker-walk_5000000.mp4
walker-walk-backward,5000000,100.0,walker-walk-backward_5000000.mp4,/home/projects/dharel/nadavt/repos/newt/tdmpc2/logs/walker-walk-backward/20251216_011349_expert_walker-walk-backward/wandb/run-20251216_011459-w5za2b67/files/media/videos/videos/eval_video_5000000_cf83183c196adda4b152.mp4,/home/projects/dharel/nadavt/repos/newt/tdmpc2/discover/videos_for_presentation/walker-walk-backward_5000000.mp4
